conv_id,#_messages,#_authors
1,1,1
2,17,4
3,12,3
4,20,4
5,1,1
6,6,1
7,5,2
8,1,1
9,5,2
10,2,2
11,9,3
12,40,3
13,1,1
14,1,1
15,39,4
16,8,4
17,9,3
18,2,1
19,26,4
20,11,5
21,1,1
22,2,1
23,6,3
24,17,7
25,1,1
26,1,1
27,4,2
28,11,2
29,5,2
30,2,2
31,8,4
32,1,1
33,12,5
34,1,1
35,7,2
36,7,2
37,6,3
38,17,3
39,132,10
40,3,2
41,17,5
42,6,2
43,3,2
44,23,5
45,1,1
46,89,5
47,1,1
48,9,5
49,1,1
50,12,3
